indicator_id,indicator_name,sub_indicator_id,question_number_within_indicator,question,response_type,option_value,option_label,points
access_to_electricity,Access to Electricity,band_a_shares,1,Band A Share of Feeders,percentage_band,70-100,70-100% (4),4
access_to_electricity,Access to Electricity,band_a_shares,1,Band A Share of Feeders,percentage_band,50-69,50-69% (3),3
access_to_electricity,Access to Electricity,band_a_shares,1,Band A Share of Feeders,percentage_band,30-49,30-49% (2),2
access_to_electricity,Access to Electricity,band_a_shares,1,Band A Share of Feeders,percentage_band,10-29,10-29% (1),1
access_to_electricity,Access to Electricity,band_a_shares,1,Band A Share of Feeders,percentage_band,0-10,0-10% (0),0
access_to_electricity,Access to Electricity,state_owned_electricity_regulator,2,State Owned Electricity Regulation,yes_no_transition,yes,Yes (6),6
access_to_electricity,Access to Electricity,state_owned_electricity_regulator,2,State Owned Electricity Regulation,yes_no_transition,transition,Transition (3),3
access_to_electricity,Access to Electricity,state_owned_electricity_regulator,2,State Owned Electricity Regulation,yes_no_transition,no,No (0),0
infrastructure,Infrastructure,renewable_energy_evs_cng,1,Renewable Energy (Launch of State's EVs and CNG Transport Solutions),yes_no,yes,Yes,2
infrastructure,Infrastructure,renewable_energy_evs_cng,1,Renewable Energy (Launch of State's EVs and CNG Transport Solutions),yes_no,no,No,0
infrastructure,Infrastructure,airport_cargo_functional,2,Airport/Cargo Airport (Functional),yes_no,yes,Yes,2
infrastructure,Infrastructure,airport_cargo_functional,2,Airport/Cargo Airport (Functional),yes_no,no,No,0
infrastructure,Infrastructure,railway,3,Rail Line (Functional),yes_no,yes,Yes,2
infrastructure,Infrastructure,railway,3,Rail Line (Functional),yes_no,no,No,0
digital_connectivity,Digital Connectivity,right_of_way,1,Right of Way (RoW) fees,multi_choice,free,Free,2
digital_connectivity,Digital Connectivity,right_of_way,1,Right of Way (RoW) fees,multi_choice,reduced-price,Reduced Price,1
digital_connectivity,Digital Connectivity,right_of_way,1,Right of Way (RoW) fees,multi_choice,full-price,Full Price,0
digital_connectivity,Digital Connectivity,gov_services_online,2,Availability of government services online,yes_partial_no,yes,Yes,2
digital_connectivity,Digital Connectivity,gov_services_online,2,Availability of government services online,yes_partial_no,partially,Partially,1
digital_connectivity,Digital Connectivity,gov_services_online,2,Availability of government services online,yes_partial_no,no,No,0
digital_connectivity,Digital Connectivity,coverage_5g,3,5G coverage,yes_no,yes,Yes,2
digital_connectivity,Digital Connectivity,coverage_5g,3,5G coverage,yes_no,no,No,0
land_registration,Land Registration,process_automation,1,Process type,multi_choice,automated,Automated,2
land_registration,Land Registration,process_automation,1,Process type,multi_choice,hybrid,Hybrid,1
land_registration,Land Registration,process_automation,1,Process type,multi_choice,manual,Manual,0
land_registration,Land Registration,certificate_time,2,Days for CofO,time_band,0-30-days,0–30 days,1
land_registration,Land Registration,certificate_time,2,Days for CofO,time_band,0-60-days,0–60 days,0.5
land_registration,Land Registration,certificate_time,2,Days for CofO,time_band,over-60-days,>60 days,0
land_registration,Land Registration,certificate_time,2,Days for CofO,time_band,not-available,Not Available,0
land_registration,Land Registration,procedures_availability,3,Procedure/fees publicly available,multi_choice,publicly-available-online,Procedure/Fees,1
land_registration,Land Registration,procedures_availability,3,Procedure/fees publicly available,multi_choice,either-fees-or-procedures,Procedure only,0.5
land_registration,Land Registration,procedures_availability,3,Procedure/fees publicly available,multi_choice,not-publicly-available,None,0
land_registration,Land Registration,gis_functionality,4,Availability of GIS,yes_no_variant,functional-gis-available,GIS available,2
land_registration,Land Registration,gis_functionality,4,Availability of GIS,yes_no_variant,no-functional-gis,No GIS,0
small_claims_courts,Small Claims Courts,number_of_courts,1,Number of SCCs established and actively sitting in main city,count_band,1-5,1-5,1
small_claims_courts,Small Claims Courts,number_of_courts,1,Number of SCCs established and actively sitting in main city,count_band,6-10,6-10,1.5
small_claims_courts,Small Claims Courts,number_of_courts,1,Number of SCCs established and actively sitting in main city,count_band,11-14,11-14,2
small_claims_courts,Small Claims Courts,number_of_courts,1,Number of SCCs established and actively sitting in main city,count_band,15-and-above,15 and above,3
small_claims_courts,Small Claims Courts,compliance_reporting,2,Compliance with publishing report,multi_choice,up-to-date,Up to date,2
small_claims_courts,Small Claims Courts,compliance_reporting,2,Compliance with publishing report,multi_choice,6-months-old,More than 6 months,1.5
small_claims_courts,Small Claims Courts,compliance_reporting,2,Compliance with publishing report,multi_choice,3-months-old,More than 3 months,1
small_claims_courts,Small Claims Courts,compliance_reporting,2,Compliance with publishing report,multi_choice,not-published,Not published,0
investor_aftercare_service,Investor Aftercare Service,designated_desk,1,Does the state have a designated investor aftercare desk/department?,yes_no,yes,Yes,2
investor_aftercare_service,Investor Aftercare Service,designated_desk,1,Does the state have a designated investor aftercare desk/department?,yes_no,no,No,0
workforce_development,Workforce Development and Social Infrastructure,social_security_systems,1,Does the state operate social security systems for vulnerable populations?,yes_no,yes,Yes,2
workforce_development,Workforce Development and Social Infrastructure,social_security_systems,1,Does the state operate social security systems for vulnerable populations?,yes_no,no,No,0
workforce_development,Workforce Development and Social Infrastructure,gender_inclusivity,2,Does the state meet the gender inclusivity benchmark?,yes_no,yes,Yes,1
workforce_development,Workforce Development and Social Infrastructure,gender_inclusivity,2,Does the state meet the gender inclusivity benchmark?,yes_no,no,No,0
crisis_resilience,Crisis Resilience and Business Continuity,emergency_agency,1,Does the state have a functional emergency management agency?,yes_no,yes,Yes,1
crisis_resilience,Crisis Resilience and Business Continuity,emergency_agency,1,Does the state have a functional emergency management agency?,yes_no,no,No,0
crisis_resilience,Crisis Resilience and Business Continuity,sema_funding,2,Is the SEMA or equivalent agency visibly funded in the current state budget?,yes_no,yes,Yes,2
crisis_resilience,Crisis Resilience and Business Continuity,sema_funding,2,Is the SEMA or equivalent agency visibly funded in the current state budget?,yes_no,no,No,0
contract_enforcement,Contract Enforcement and Commercial Dispute Resolution,commercial_court,1,Does the state have a commercial court?,yes_no,yes-commercial-court,Yes,2.5
contract_enforcement,Contract Enforcement and Commercial Dispute Resolution,commercial_court,1,Does the state have a commercial court?,yes_no,no-commercial-court,No,0
contract_enforcement,Contract Enforcement and Commercial Dispute Resolution,alternative_dispute_resolution,2,Does the state have ADR?,yes_no,yes-adr,Yes,2.5
contract_enforcement,Contract Enforcement and Commercial Dispute Resolution,alternative_dispute_resolution,2,Does the state have ADR?,yes_no,no-adr,No,0
market_access,Market Access and Competition,one_stop_shop,1,Does the State have a one stop shop?,yes_no,yes,Yes,2
market_access,Market Access and Competition,one_stop_shop,1,Does the State have a one stop shop?,yes_no,no,No,0
market_access,Market Access and Competition,public_incentives,2,Does the state have public incentives?,yes_no,yes,Yes,1
market_access,Market Access and Competition,public_incentives,2,Does the state have public incentives?,yes_no,no,No,0
getting_credit,Getting Credit,boi_collaboration,1,Does the state collaborate with BOI or any federal Agency to create access to credit?,yes_no,yes,Yes,3
getting_credit,Getting Credit,boi_collaboration,1,Does the state collaborate with BOI or any federal Agency to create access to credit?,yes_no,no,No,0
getting_credit,Getting Credit,microfinance_banks,2,Have owned microfinance banks or cooperatives?,yes_no,yes,Yes,2
getting_credit,Getting Credit,microfinance_banks,2,Have owned microfinance banks or cooperatives?,yes_no,no,No,0
export_import_facilitation,Export-Import Facilitation,totalExporters_perState,1,Total number of exporters per state,count_band,>=1000,≥ 1000,3
export_import_facilitation,Export-Import Facilitation,totalExporters_perState,1,Total number of exporters per state,count_band,500-999,500-999,2
export_import_facilitation,Export-Import Facilitation,totalExporters_perState,1,Total number of exporters per state,count_band,100-499,100-499,1
export_import_facilitation,Export-Import Facilitation,totalExporters_perState,1,Total number of exporters per state,count_band,0-99,0-99,0
export_import_facilitation,Export-Import Facilitation,StateChamberOfCommerce,2,Have state chamber of commerce,yes_no,yes,Yes,1
export_import_facilitation,Export-Import Facilitation,StateChamberOfCommerce,2,Have state chamber of commerce,yes_no,no,No,0
interstate_trade,Interstate Trade,haulage_fees,1,Elimination of haulage fees via law/executive order and enforcement,yes_no,yes,Yes,2
interstate_trade,Interstate Trade,haulage_fees,1,Elimination of haulage fees via law/executive order and enforcement,yes_no,no,No,0
interstate_trade,Interstate Trade,state_owned_transport_assets,2,"Presence of state owned airports, air carriers, rail, seaport and dry port (0, 1.5, 3 points)",points_scale,0,No state owned transport assets,0
interstate_trade,Interstate Trade,state_owned_transport_assets,2,"Presence of state owned airports, air carriers, rail, seaport and dry port (0, 1.5, 3 points)",points_scale,1.5,Some presence (equivalent to 1.5 points),1.5
interstate_trade,Interstate Trade,state_owned_transport_assets,2,"Presence of state owned airports, air carriers, rail, seaport and dry port (0, 1.5, 3 points)",points_scale,3,Comprehensive presence (equivalent to 3 points),3
paying_taxes,Paying Taxes,tax_payment_transparency,1,How does the state facilitate tax payment collection and provide transaction transparency to taxpayers?,multi_choice,digital-hybrid-e-payment,Digital/hybrid with e-payment and automatic receipts,2
paying_taxes,Paying Taxes,tax_payment_transparency,1,How does the state facilitate tax payment collection and provide transaction transparency to taxpayers?,multi_choice,manual-cash-limited-transparency,Manual/cash-based with limited transparency,0
paying_taxes,Paying Taxes,tax_filing_burden,2,How burdensome is the tax filing process for taxpayers in the state?,multi_choice,automated-consolidated,Automated or consolidated filing that reduces compliance effort,1
paying_taxes,Paying Taxes,tax_filing_burden,2,How burdensome is the tax filing process for taxpayers in the state?,multi_choice,manual-repetitive-high-burden,"Manual, repetitive filing with high administrative burden",0
paying_taxes,Paying Taxes,tax_incentive_transparency,3,How transparent and accessible is the state's tax incentive and exemption framework?,multi_choice,transparent-accessible-programs,"Transparent, publicly accessible tax incentive programs",1
paying_taxes,Paying Taxes,tax_incentive_transparency,3,How transparent and accessible is the state's tax incentive and exemption framework?,multi_choice,unclear-opaque-framework,Unclear or opaque tax incentive framework,0
grievance_redress_mechanisms,Grievance Redress Mechanisms,centralized_grm,1,Does the state have a centralized Grievance Redress Mechanism?,multi_choice,centralized-grm-available,Centralized GRM available,2
grievance_redress_mechanisms,Grievance Redress Mechanisms,centralized_grm,1,Does the state have a centralized Grievance Redress Mechanism?,multi_choice,no-centralized-grm,No centralized GRM,0
grievance_redress_mechanisms,Grievance Redress Mechanisms,accessibility_and_channels,2,How accessible is the state's Grievance Redress Mechanism?,multi_choice,easily-accessible-multiple-channels,Easily accessible via multiple channels,1
grievance_redress_mechanisms,Grievance Redress Mechanisms,accessibility_and_channels,2,How accessible is the state's Grievance Redress Mechanism?,multi_choice,difficult-to-find-access,Difficult to find or access,0
access_to_skilled_labour,Access to Skilled Labour,education_investment,1,Post-secondary graduates relative to population,tier_band,highest-tier,≫ average (733120+),1.5
access_to_skilled_labour,Access to Skilled Labour,education_investment,1,Post-secondary graduates relative to population,tier_band,second-tier,Above average (549840-733119),1.25
access_to_skilled_labour,Access to Skilled Labour,education_investment,1,Post-secondary graduates relative to population,tier_band,mid-tier,Within average (366560-549839),0.75
access_to_skilled_labour,Access to Skilled Labour,education_investment,1,Post-secondary graduates relative to population,tier_band,lowest-tier,Minimum average (219936-366559),0.5
access_to_skilled_labour,Access to Skilled Labour,education_investment,1,Post-secondary graduates relative to population,tier_band,below-average,Below average (<219936),0
access_to_skilled_labour,Access to Skilled Labour,accredited_institutions,2,How many accredited tertiary and technical institutions are available in the state?,count_band,seven-plus,7 or more universities,1.5
access_to_skilled_labour,Access to Skilled Labour,accredited_institutions,2,How many accredited tertiary and technical institutions are available in the state?,count_band,three-to-six,3 to 6 universities,1
access_to_skilled_labour,Access to Skilled Labour,accredited_institutions,2,How many accredited tertiary and technical institutions are available in the state?,count_band,one-to-two,1 or 2 universities,0.5
access_to_skilled_labour,Access to Skilled Labour,accredited_institutions,2,How many accredited tertiary and technical institutions are available in the state?,count_band,zero,No universities,0
